title,upvotes,url,body
Why I think AAPL might be done for,288,https://i.redd.it/a4uvww5e945g1.png,"* The iPhone is basically their whole business and upgrade cycles have completely stalled. People are holding phones for three years now because the innovation just isn't there anymore.
* The Vision Pro flopped hard at $3,500. Who's actually buying that? It feels like an overpriced tech demo that nobody asked for.
* China is a huge risk. They manufacture everything there while geopolitical tensions escalate, plus Huawei is making a comeback and Chinese consumers are getting more nationalistic.
* Europe is forcing them to allow third party app stores, which is going to kill their App Store revenue. That's been pure profit and now they have to share.
* The valuation is still pretty high with not much room for error. Any earnings miss and this thing tanks. I don't see how they're company of the year with all these headwinds."
AAPL upside 2026?,13,https://www.reddit.com/r/AAPL/comments/1pq5qgw/aapl_upside_2026/,Thoughts on AAPL vs AMZN return for 2026? AAPL had a monster year while AMZN stayed pretty much flat in 2025. Im predicting a breakout for AMZN and will yield higher returns compared to AAPL in 2026
AAPL is really catching a lot of attention right now.,34,https://www.reddit.com/r/AAPL/comments/1prd51r/aapl_is_really_catching_a_lot_of_attention_right/,"Earnings estimates just moved higher, and analysts are looking at around 10.6% revenue growth year over year, which is pretty solid considering the current market environment. There‚Äôs also a lot of talk about bigger AI collaboration coming into play by 2026, and search trends show investor interest heating up fast.

Another major update, Apple‚Äôs deal with EU regulators means their NFC tech will finally open up, which could push mobile wallet adoption even further as more people switch to phone based payments.

And on a different note, looking back at Steve Jobs and how much he sacrificed to get Apple started, it‚Äôs pretty wild to think how those early risks set the foundation for the company‚Äôs entire culture and success.

  
Is AAPL still a long term buy at this stage, or are expectations getting too high?"
"Out of curiosity, does anyone here make a living just off of owning a lot of AAPL shares or AAPL shares and other shares?",66,https://www.reddit.com/r/AAPL/comments/1pcoxf5/out_of_curiosity_does_anyone_here_make_a_living/,"I only have 25k invested and i make as much as having a part time job

edit: happy ATH day!"
Honest question to long term AAPL holders: what‚Äôs the next real leg up?,40,https://www.reddit.com/r/AAPL/comments/1pu13qe/honest_question_to_long_term_aapl_holders_whats/,"Long AAPL here, so this isn‚Äôt a hit piece.

But I‚Äôve been asking myself a pretty uncomfortable question lately:

What‚Äôs the next real driver that expands Apple‚Äôs valuation from here?

iPhone 17 was‚Ä¶ fine.

Not bad. Not exciting.

And judging by price action, the market kind of shrugged.

Services are strong, margins are great, buybacks are aggressive 

all true.

But let‚Äôs be honest: those are ‚Äúsupport the stock‚Äù arguments, not ‚Äúre rate the stock‚Äù arguments.

AI is the big wildcard everyone points to.

I‚Äôm sure Apple will play  they always do.

But right now it still feels more like disciplined, late cycle execution, not leadership.

And that‚Äôs where I struggle:

The stock is priced for near-perfect execution

Growth is steady but not accelerating

Regulatory pressure isn‚Äôt going away

None of this makes Apple a bad company  far from it.

But it does make me wonder if AAPL is slowly becoming:

the best ‚Äúsleep well‚Äù stock

 but a harder place to generate alpha

Genuine question to other holders:

What do you see as the next catalyst that actually expands the multiple?

Is AI meaningful near-term, or more of a 2026+ story?

Or is AAPL simply a core hold now, not an aggressive growth bet?

Curious how other long term holders are thinking about it."
Should i wait for a dip to start investing in aapl??,9,https://www.reddit.com/r/AAPL/comments/1pd95pt/should_i_wait_for_a_dip_to_start_investing_in_aapl/,Looking to start investing should i get in when its red or just dollar cost avg?
Sell AAPL or NVDA?,0,https://www.reddit.com/r/stocks/comments/1pbkjq1/sell_aapl_or_nvda/,"I have long term hold (over 15 years) on AAPL and NVDA! Worth A LOT! Thinking to sell few shares (around 1,000 shares) on one of those stocks to spend on personal matters of just diversify on other promising stocks!

Which stock between the two should I sell? 

Appreciate your opinion with your logic and analysis! Thank you! "
I‚Äôm seriously considering consolidating my entire portfolio into Apple (AAPL),0,https://www.reddit.com/r/stocks/comments/1mkcur7/im_seriously_considering_consolidating_my_entire/,"So here‚Äôs what I‚Äôm wrestling with:
Why shouldn‚Äôt I sell my Amazon and AMD positions and go all-in on Apple? ( I already got some apple shares ) 
Am I overlooking some major risk with Apple that others see?
Is this level of concentration just asking for trouble or is it conviction?
Apple feels ‚Äúboring,‚Äù but is boring what wins?
Would I regret not having exposure to AMD‚Äôs AI upside or Amazon‚Äôs cloud/growth potential in 5 years?
Is Apple too big to generate the same returns going forward?"
üçé üçè üçé,0,https://i.redd.it/mi2qk097lf7g1.jpeg,"I know this sounds absurd, but I predict we trigger a lot of buying if we tap $270, maybe enough to break through resistance at $280, then we could see the high $280s again and possibly the $290s by Friday the 19th.  If that happens, decent time to sell off any positions you may have.
 
From there expect a pullback at the new support level [which should be $279 / $280] which would be a decent re-entry point.

Because the December / Christmas Rally was essentially subverted this year, there is a strong possibility the stock price will continue to rise post-Christmas.  

Expecting to be in the range of $305 to $315 before end of January Earnings, so once it pulls back from $295 down to $280, can enter semi-long positions there that expire end of Jan, Feb, or March.  

I know it sounds insane or absurd with the previous bad week and current declines today, but have seen stranger things happen.

*Note: This is not Financial Advice.*"
"$AAPL - Apple launches Iphone 11, again.",25893,https://i.redd.it/9u3ybxvzj6of1.jpeg,
"Someone just sold $6,560,000 worth of $AAPL 260 puts",3877,https://i.redd.it/yfmg7nsxwptf1.jpeg,Thoughts?
"Many big CEOs are in the UK with Trump, including $NVDA, $MSFT, $AAPL, $PLTR, $CRM, OpenAI and more. The combined value of companies these CEOs represent is around $11.83 trillion USD.",3287,https://v.redd.it/uqntbh3pnwpf1,
Someone purchased $1.3 BILLION worth of $AAPL stock on Friday at the closeüòÆ,20777,https://i.redd.it/49zb21awd04a1.jpg,
Chinese Foxconn workers facing off against police at the largest iPhone factory. Puts on AAPL.,10472,https://v.redd.it/fz7jws2lwy1a1,
Waiting to see $AAPL iPhone designs tomorrow? Just browse cases for sale on $AMZN.,1475,https://www.reddit.com/gallery/1nc5wns,I‚Äôm not too hyped up about the release but just thought I‚Äôd see how it looks so I can buy puts or calls. Lol. 
AAPL; please stay up this time to keep over 7 figures,2858,https://i.redd.it/lz9h2pj7umld1.jpeg,
AAPL : the only DD you'll ever need,5807,https://i.redd.it/2usnf8uhhd4b1.jpg,
"$AAPL Vision Pro, letting me lose my savings in VR",6409,https://v.redd.it/09ce1ud6psgc1,Might have to go all in on Apple calls 
$GOOGL getting ready to enter PC and operating software space to compete $MSFT $AAPL,1301,https://www.theverge.com/news/784381/qualcomm-ceo-seen-googles-android-pc-merger-incredible,"Think this isn't getting enough views.

Appears that $GOOGL $GOOG will be entering the P/C/Laptop world with a Operating system based on Android that allows for Apps to be downloaded directly onto the PC.

Think this was much needed and will help break the monopoly that Microsoft has.

I current have to pay $70 for personal Microsoft office products (word/excel). I stopped paying last year and have since used Google office products which have been free and seen no issues.

Would love to see more Google apps available more easily on the home screen.

Not a easy task going against Microsoft - but lets see how it plays out. They did this with Chromebook in 2011 and made it the biggest laptops for education in the world. A gamble that paid off.   
"
A cool guide to how Apple $AAPL makes money,5120,https://i.redd.it/38yt26t7puzb1.png,
Apple's head of iphone and Apple watch design leaving the company $AAPL,3766,https://i.redd.it/9lvvryfzm95c1.jpg,Puts or calls for monday?
APPLE $AAPL JUST REPORTED EARNINGS. DOUBLE BEAT!,1643,https://www.cnbc.com/2025/07/31/apple-aapl-q3-earnings-report-2025.html,"* EPS of $1.57 beating expectations of $1.42 
* Revenue of $94B beating expectations of $88.9B"
I trade AAPL for a living,8125,https://www.reddit.com/r/wallstreetbets/comments/jb1qae/i_trade_aapl_for_a_living/,"My nephew told me about this reddit the other day and couldn't believe it. Read through a lot of it last night, you guys are fucking crazy but I love it. It's easy for any professional trader to say that you guys are idiots but I respect what you do, so no hate on my end. Trading is calculated gambling at the end of the day anyway. Compared to you guys, I'm basically a boring stock trader but damn good at it. AAPL is my baby.

I'm a swing trader on the 15min chart and 5min, just depends on the price action. I obviously don't win every trade but I shoot for large profits held over 1-3 days so losses don't matter. Willing to help any newbs sometimes and show you what my targets are on certain days when I see good bets.

Current:

For anyone that messaged me in chat, reddit clears out chats that are too far down on the list so if you don't hear from me in the next day or 2 then I've lost you! Send me a DM rather than a chat request to carry on our convo."
Apple $AAPL unveils AirPods Pro 3 with live translation feature.,1287,https://v.redd.it/irflgiuqw8of1,
NVDA's market cap surpasses AAPL's market cap for the first time.,2653,https://i.redd.it/dxwwwg9sys4d1.png,
"Feel bad about missing a play? Be inspired by the highly regarded Nolan Bushnell, who declined an offer to buy a third of $AAPL for $50k",5732,https://www.reddit.com/gallery/13cndqs,
I wonder why AAPL is cratering,5008,https://i.redd.it/fwmgqh46avnb1.jpg,
Good thing $AAPL makes up 8% of the S&P 500:,6861,https://i.redd.it/y1cklm30xa4b1.png,
***Google Survey Update*** GME Ownership W/ $AAPL Control Data (N=501),6924,https://www.reddit.com/r/Superstonk/comments/oxjv1n/google_survey_update_gme_ownership_w_aapl_control/,"# I had every intention of being all done with this very fun project, and then ...

https://preview.redd.it/rrb4emsha9f71.jpg?width=666&format=pjpg&auto=webp&s=ae9b6972a707e0dc0302cfddb5f1e76cc4f553b3

So some glorious, generous ape (who would like to remain anonymous) went ahead and funded/launched another GCS survey, duplicating my methodology but swapping out $GME for $AAPL.

In other words, we finally have a control, and what is shows is **AMAZING!**

Before we get into the tasty bits, let me start by saying none of this is financial advice. Please do your own due diligence, question everything, and never invest more than you can afford to lose. My personal advice (again, not financial advice, but what I am doing) ... I'm buying shares of $GME, hodling shares of $GME, and shopping at GameStop every chance I get.

If this project is totally new to you, I suggest checking out the two links below.

The first link is my initial Google Consumer Survey post, and it contains tons of information about my methodology, research biases, sample size analysis, etc.

The second link was my most recent (and, I thought, final) post on this project. It also contains what was, at the time, my best guess at how many $GME shares I thought were in circulation in total. Although after seeing these AAPL results, my new guesstimate would be much higher.

Initial research post (with tons and tons of detail): [https://www.reddit.com/r/Superstonk/comments/o2cnd4/using\_randomized\_representative\_surveying\_data\_to/?utm\_source=share&utm\_medium=web2x&context=3](https://www.reddit.com/r/Superstonk/comments/o2cnd4/using_randomized_representative_surveying_data_to/?utm_source=share&utm_medium=web2x&context=3)

Most recent update (with N=2,200 results): [https://www.reddit.com/r/Superstonk/comments/omdafo/final\_update\_of\_google\_consumer\_survey\_n2200\_at/?utm\_source=share&utm\_medium=web2x&context=3](https://www.reddit.com/r/Superstonk/comments/omdafo/final_update_of_google_consumer_survey_n2200_at/?utm_source=share&utm_medium=web2x&context=3)

For anyone new and too lazy to be bothered with the above links, here's the skinny (TL;DR) ... I used Google Consumer Surveys to model $GME ownership among a sample of 2,200 U.S. adults using a randomized, representative survey. With these results, I was able to extrapolate ownership across the whole of the U.S. While this isn't a scientific study per se, and it certainly has its shortcomings, I have discovered this to be the best shot we apes have at understanding the minimum number of shares held by retail investors.

# VERY IMPORTANT -- PLEASE READ CAREFULLY

**This research is intentionally designed to provide an underestimation of shares held. This research is not about providing the precise number of shares held, but is instead about establishing a minimum threshold for shares held. The thesis for this project is that U.S. retail investors hold more than the Outstanding shares of $GME, so more than 73MMish shares.**

**Two specific elements of the  research's ensure this is the case:**

**1) Survey response buckets of shares held (see survey links) were intentionally capped at 101 shares ... in other words, if someone responded to the survey and they have 600 shares, 499 of those shares would be completely excluded from these results; only the first 101 of their shares would be counted.**

**2) Coupled households have received a 50% penalty for all shares held ... the reason for this is to ensure shares are never double-counted, which is good, but at the same time this approach completely discounts coupled households where both individuals might hold shares in separate accounts, and it assumes all shares held in coupled households are held jointly.**

**The result: the derived number of shares held is most certainly a fraction of the true number which is okay, because again, the premise of this research was simply to show that U.S. retail owns more than the 73MM outstanding shares of GME.**

So without further ado, here are the updated results with the $AAPL control, as well as links to the actual surveys.

[If I have made any mistakes in the above maths, please let me know. I assure you any errors are not intentional, but I'd definitely welcome the opportunity to correct.](https://preview.redd.it/6bqkw9aka9f71.png?width=1854&format=png&auto=webp&s=27e667d7278d0cbe1ce01ed7b207a36d73046406)

**$GME Survey Links**

Survey #1: [https://surveys.google.com/reporting/question?hl=en-US&survey=sv2uhkuhypyl6olmiokx2zzkma&question=1&raw=true&transpose=false&tab=chart&synonyms=true](https://surveys.google.com/reporting/question?hl=en-US&survey=sv2uhkuhypyl6olmiokx2zzkma&question=1&raw=true&transpose=false&tab=chart&synonyms=true)

Survey #2: [https://surveys.google.com/reporting/question?hl=en-US&survey=gei6t23feekehqpuxr5woosr5a&question=1&raw=true&transpose=false&tab=chart&synonyms=true](https://surveys.google.com/reporting/question?hl=en-US&survey=gei6t23feekehqpuxr5woosr5a&question=1&raw=true&transpose=false&tab=chart&synonyms=true)

Survey #3: [https://surveys.google.com/reporting/question?hl=en-US&survey=emu6442dcciv66jbwetrmxrea4&question=1&raw=true&transpose=false&tab=chart&synonyms=true](https://surveys.google.com/reporting/question?hl=en-US&survey=emu6442dcciv66jbwetrmxrea4&question=1&raw=true&transpose=false&tab=chart&synonyms=true)

**$AAPL Survey Link**: [https://surveys.google.com/reporting/question?hl=en&survey=wp5w7doz32utrdf24xk3wxuqwa&question=1&raw=true&transpose=false&tab=chart&synonyms=true](https://surveys.google.com/reporting/question?hl=en&survey=wp5w7doz32utrdf24xk3wxuqwa&question=1&raw=true&transpose=false&tab=chart&synonyms=true)

# So what does this new $AAPL control data tell us?

Well, for one thing, it clearly demonstrates what a massive underestimation this methodology produces. It's certain U.S. retail investors own way more than 367 million shares of Apple. In other words, this methodology is doing exactly what is was designed to do ... show just the tip of the iceberg.

While I had a very tough time discovering exactly how many shares of Apple U.S. retail investors might own, I can tell you it's a hell of a lot more than 367 million shares. Apple has about 16.5 Billion shares outstanding, and even with 11.7 Billion shares held by institutional investors (per [fintel.io](https://fintel.io)), and another 1.1 Billion shares in ETFs (per [etf.com](https://etf.com)), that still leaves about 3.7 Billion shares. Let's assume only half of these shares reside within U.S. hands, so that's 1.85 Billion. And let's assume half of these are with Insiders, family funds, or small institutions that don't report. So we are left with a paltry 925 million shares of Apple, compared to 16.5 Billion Outstanding. Even after we hack and slash our way here, it looks like this methodology, the very same methodology we used for GameStop, is producing an estimate that is at best only 40% of the actual.

Throughout the comments in my previous posts, people were clamoring for a control. Well, now we have one, and it seems to strongly support what I have thought all along ... hard data (really the only hard data we have) continues to suggest there is an epic buttload of $GME shares way, way beyond the number authorized by GameStop. And not just a few shares, but tens of millions, and likely hundreds of millions.

So remember ... no matter how much they say the squeeze has squoze, no matter how much they tell you the shorts have closed, no matter how many times they tell you you're wrong, it's just like Max Fischer claiming to get a handjob from Dirk Calloway's mom in the back of a Jaguar. It's nothing but ...

https://preview.redd.it/3xhooy0oe9f71.jpg?width=1184&format=pjpg&auto=webp&s=755d3b5ec7953682b5eec49c0909e725a4350076

# Stay buckled up, and HODL!"
Bears feasting on AAPL next week confirmed,21045,https://i.redd.it/z7sk6w81sgp51.jpg,
44k AAPL Short,2159,https://i.redd.it/7qbm9m5lyufa1.jpg,
Tim Cook receives $115M stock award as AAPL meets performance expectation,4806,https://9to5mac.com/2019/08/27/tim-cook-stock-award/,
AAPL's innovative product strategy,11879,https://i.redd.it/43hh7j4ta8821.jpg,
"Their collateral is shrinking, they are bleeding more and more, their big long positions used as collateral are down during the last month: NFLX -37%, TSLA -22.50%, AMZN -16%, FB -13%, GOOG -9%, MSFT -10%, AAPL -5%,...",6807,https://www.reddit.com/r/Superstonk/comments/sh0xzs/their_collateral_is_shrinking_they_are_bleeding/,"NFLX -37%, TSLA -22.50%, AMZN -16%, FB -13%, GOOG -9%,  MSFT -10%, AAPL -5%, ... Considering big market cap of these stocks, it is a huge drop worth billions. And this cash is gone, sold to maintain their overleveraged position against GME and other overshorted stocks. Margin is in danger, hedgies r fukt and their collateral will soon look like the smallest wee wee in the Milky Way."
RIP $AAPL üíÄ,1757,https://v.redd.it/madmyc48rl7c1,
Long $AAPL,7313,https://i.redd.it/kbryg2guue231.png,
Nancy Pelosi nailed the exact NASDAQ bottom on May 24th buying $AAPL and $MSFT calls.,2696,https://twitter.com/ecommerceshares/status/1533819823909654528,
"$AAPL initiated with buy rating at Goldman Sachs, price target $199",4068,https://i.redd.it/lu3qq9df17ma1.jpg,
Berkshire Hathaway cuts AAPL position by 13%,2092,https://i.redd.it/gepgpix17fyc1.jpeg,
"I have $213,000 in Apple (AAPL) stock, should I start to diversify?",2455,https://www.reddit.com/r/stocks/comments/ja9wv0/i_have_213000_in_apple_aapl_stock_should_i_start/,"I always tell myself to stop buying Apple, but I always give in because Apple is such a cash machine. Would you start diversifying new money in companies such as Square (SQ), Microsoft (MSFT) and Amazon (AMZN). Or would you keep adding more to Apple (AAPL)?

Edit: Apple (AAPL) is my entire portfolio, don't own anything else.

Second Edit: Damn this blew up."
"The reason I invest in AAPL, full store and people waiting to get in.",2530,https://i.redd.it/4wl4cywvppe81.jpg,
"YOLOing my $30k house down payment on AAPL and CLOV, bank said I can't buy house for 3 months after forbearance.",2243,https://i.redd.it/74oye5fjl5u61.png,
SHORT $AAPL,8193,https://i.imgur.com/dGeizah.jpg,
Jim Cramer Says Reports Of Apple Inc. (AAPL)‚Äôs ‚ÄúDeath‚Äù Are Overblown,491,https://www.insidermonkey.com/blog/jim-cramer-says-reports-of-apple-inc-aapls-death-are-overblown-1594510/,
"Bought puts on AAPL and calls on F, GOOG and AMZN yesterday, got all 4 wrong",2037,https://i.redd.it/5g0ggl1at1ga1.jpg,
"Apple started WWIII so that phones would be destroyed, reducing the average upgrade cycle time. Long $AAPL.",15905,https://i.redd.it/8ztim76twr841.jpg,
Good thing $AAPL makes up 8% of the S&P 500:,2801,https://i.redd.it/4dh4mbj0xa4b1.png,
Tim Cook now required to fly private as AAPL‚Äôs 2017 performance nets him $102M payout,3406,https://9to5mac.com/2017/12/27/tim-cook-payout-2017-apple-proxy/,
"For my next trick, I'll set $107,000 on fire. 200 x AAPL $305 Calls expiring tomorrow.",1837,https://imgur.com/a/gdOgnJU,
Vision Pro‚Äôs coming. What are your AAPL moves??,1085,https://v.redd.it/kbmyqzax3qdc1,
